{"trial_id": "01", "hyperparameters": {"space": [{"class_name": "Int", "config": {"name": "units", "default": null, "conditions": [], "min_value": 32, "max_value": 512, "step": 32, "sampling": "linear"}}, {"class_name": "Float", "config": {"name": "dropout", "default": 0.0, "conditions": [], "min_value": 0.0, "max_value": 0.5, "step": 0.1, "sampling": "linear"}}, {"class_name": "Choice", "config": {"name": "learning_rate", "default": 0.01, "conditions": [], "values": [0.01, 0.001, 0.0001], "ordered": true}}], "values": {"units": 480, "dropout": 0.4, "learning_rate": 0.01}}, "metrics": {"metrics": {"loss": {"direction": "min", "observations": [{"value": [0.3468111455440521], "step": 19}]}, "accuracy": {"direction": "max", "observations": [{"value": [0.8617021441459656], "step": 19}]}, "val_loss": {"direction": "min", "observations": [{"value": [0.41335055232048035], "step": 19}]}, "val_accuracy": {"direction": "max", "observations": [{"value": [0.8389830589294434], "step": 19}]}}}, "score": 0.8389830589294434, "best_step": 19, "status": "COMPLETED", "message": null}