{"trial_id": "03", "hyperparameters": {"space": [{"class_name": "Int", "config": {"name": "units", "default": null, "conditions": [], "min_value": 32, "max_value": 512, "step": 32, "sampling": "linear"}}, {"class_name": "Float", "config": {"name": "dropout", "default": 0.0, "conditions": [], "min_value": 0.0, "max_value": 0.5, "step": 0.1, "sampling": "linear"}}, {"class_name": "Choice", "config": {"name": "learning_rate", "default": 0.01, "conditions": [], "values": [0.01, 0.001, 0.0001], "ordered": true}}], "values": {"units": 224, "dropout": 0.2, "learning_rate": 0.001}}, "metrics": {"metrics": {"loss": {"direction": "min", "observations": [{"value": [0.34439772367477417], "step": 31}]}, "accuracy": {"direction": "max", "observations": [{"value": [0.8574467897415161], "step": 31}]}, "val_loss": {"direction": "min", "observations": [{"value": [0.41259655356407166], "step": 31}]}, "val_accuracy": {"direction": "max", "observations": [{"value": [0.8262711763381958], "step": 31}]}}}, "score": 0.8262711763381958, "best_step": 31, "status": "COMPLETED", "message": null}