{"trial_id": "05", "hyperparameters": {"space": [{"class_name": "Int", "config": {"name": "units", "default": null, "conditions": [], "min_value": 32, "max_value": 512, "step": 32, "sampling": "linear"}}, {"class_name": "Float", "config": {"name": "dropout", "default": 0.0, "conditions": [], "min_value": 0.0, "max_value": 0.5, "step": 0.1, "sampling": "linear"}}, {"class_name": "Choice", "config": {"name": "learning_rate", "default": 0.01, "conditions": [], "values": [0.01, 0.001, 0.0001], "ordered": true}}], "values": {"units": 128, "dropout": 0.1, "learning_rate": 0.001}}, "metrics": {"metrics": {"loss": {"direction": "min", "observations": [{"value": [0.3407018184661865], "step": 37}]}, "accuracy": {"direction": "max", "observations": [{"value": [0.8553191423416138], "step": 37}]}, "val_loss": {"direction": "min", "observations": [{"value": [0.41333284974098206], "step": 37}]}, "val_accuracy": {"direction": "max", "observations": [{"value": [0.8220338821411133], "step": 37}]}}}, "score": 0.8220338821411133, "best_step": 37, "status": "COMPLETED", "message": null}