{"trial_id": "08", "hyperparameters": {"space": [{"class_name": "Int", "config": {"name": "units", "default": null, "conditions": [], "min_value": 32, "max_value": 512, "step": 32, "sampling": "linear"}}, {"class_name": "Float", "config": {"name": "dropout", "default": 0.0, "conditions": [], "min_value": 0.0, "max_value": 0.5, "step": 0.1, "sampling": "linear"}}, {"class_name": "Choice", "config": {"name": "learning_rate", "default": 0.01, "conditions": [], "values": [0.01, 0.001, 0.0001], "ordered": true}}], "values": {"units": 288, "dropout": 0.30000000000000004, "learning_rate": 0.0001}}, "metrics": {"metrics": {"loss": {"direction": "min", "observations": [{"value": [0.37855789065361023], "step": 36}]}, "accuracy": {"direction": "max", "observations": [{"value": [0.8457446694374084], "step": 36}]}, "val_loss": {"direction": "min", "observations": [{"value": [0.4173174500465393], "step": 36}]}, "val_accuracy": {"direction": "max", "observations": [{"value": [0.8135592937469482], "step": 36}]}}}, "score": 0.8135592937469482, "best_step": 36, "status": "COMPLETED", "message": null}