{"trial_id": "07", "hyperparameters": {"space": [{"class_name": "Int", "config": {"name": "units", "default": null, "conditions": [], "min_value": 32, "max_value": 512, "step": 32, "sampling": "linear"}}, {"class_name": "Float", "config": {"name": "dropout", "default": 0.0, "conditions": [], "min_value": 0.0, "max_value": 0.5, "step": 0.1, "sampling": "linear"}}, {"class_name": "Choice", "config": {"name": "learning_rate", "default": 0.01, "conditions": [], "values": [0.01, 0.001, 0.0001], "ordered": true}}], "values": {"units": 512, "dropout": 0.30000000000000004, "learning_rate": 0.0001}}, "metrics": {"metrics": {"loss": {"direction": "min", "observations": [{"value": [0.35973677039146423], "step": 43}]}, "accuracy": {"direction": "max", "observations": [{"value": [0.8510638475418091], "step": 43}]}, "val_loss": {"direction": "min", "observations": [{"value": [0.41167083382606506], "step": 43}]}, "val_accuracy": {"direction": "max", "observations": [{"value": [0.8177965879440308], "step": 43}]}}}, "score": 0.8177965879440308, "best_step": 43, "status": "COMPLETED", "message": null}