{"trial_id": "04", "hyperparameters": {"space": [{"class_name": "Int", "config": {"name": "units", "default": null, "conditions": [], "min_value": 32, "max_value": 512, "step": 32, "sampling": "linear"}}, {"class_name": "Float", "config": {"name": "dropout", "default": 0.0, "conditions": [], "min_value": 0.0, "max_value": 0.5, "step": 0.1, "sampling": "linear"}}, {"class_name": "Choice", "config": {"name": "learning_rate", "default": 0.01, "conditions": [], "values": [0.01, 0.001, 0.0001], "ordered": true}}], "values": {"units": 224, "dropout": 0.2, "learning_rate": 0.01}}, "metrics": {"metrics": {"loss": {"direction": "min", "observations": [{"value": [0.3334464430809021], "step": 39}]}, "accuracy": {"direction": "max", "observations": [{"value": [0.8680850863456726], "step": 39}]}, "val_loss": {"direction": "min", "observations": [{"value": [0.4238707423210144], "step": 39}]}, "val_accuracy": {"direction": "max", "observations": [{"value": [0.8389830589294434], "step": 39}]}}}, "score": 0.8389830589294434, "best_step": 39, "status": "COMPLETED", "message": null}