{"trial_id": "06", "hyperparameters": {"space": [{"class_name": "Int", "config": {"name": "units", "default": null, "conditions": [], "min_value": 32, "max_value": 512, "step": 32, "sampling": "linear"}}, {"class_name": "Float", "config": {"name": "dropout", "default": 0.0, "conditions": [], "min_value": 0.0, "max_value": 0.5, "step": 0.1, "sampling": "linear"}}, {"class_name": "Choice", "config": {"name": "learning_rate", "default": 0.01, "conditions": [], "values": [0.01, 0.001, 0.0001], "ordered": true}}], "values": {"units": 96, "dropout": 0.2, "learning_rate": 0.001}}, "metrics": {"metrics": {"loss": {"direction": "min", "observations": [{"value": [0.3906269371509552], "step": 3}]}, "accuracy": {"direction": "max", "observations": [{"value": [0.8478723168373108], "step": 3}]}, "val_loss": {"direction": "min", "observations": [{"value": [0.4221697747707367], "step": 3}]}, "val_accuracy": {"direction": "max", "observations": [{"value": [0.8220338821411133], "step": 3}]}}}, "score": 0.8220338821411133, "best_step": 3, "status": "COMPLETED", "message": null}