{"ongoing_trials": {}, "hyperparameters": {"space": [{"class_name": "Int", "config": {"name": "units", "default": null, "conditions": [], "min_value": 32, "max_value": 512, "step": 32, "sampling": "linear"}}, {"class_name": "Float", "config": {"name": "dropout", "default": 0.0, "conditions": [], "min_value": 0.0, "max_value": 0.5, "step": 0.1, "sampling": "linear"}}, {"class_name": "Choice", "config": {"name": "learning_rate", "default": 0.01, "conditions": [], "values": [0.01, 0.001, 0.0001], "ordered": true}}], "values": {"units": 32, "dropout": 0.0, "learning_rate": 0.01}}, "start_order": ["00", "01", "02", "03", "04", "05", "06", "07", "08", "09"], "end_order": ["00", "01", "02", "03", "04", "05", "06", "07", "08", "09"], "run_times": {"00": 1, "01": 1, "02": 1, "03": 1, "04": 1, "05": 1, "06": 1, "07": 1, "08": 1, "09": 1}, "retry_queue": [], "seed": 5616, "seed_state": 5646, "tried_so_far": ["bcfdb4a7dcda5fda4f78eee403c365ad", "e457afe8a96797e1e453802f0d61198a", "879afbf544fecae4e5767c15982bc4b0", "e5b13f5d9780f2cc93bcf1a699729ba5", "4d8a3ada543b0ab4940f8264c755346c", "a0e28d4ff5732d01e39c74399e48fcb4", "5734f0729f1b8e4499b5468ce926da05", "983ec0ae1559add0d9d1abe1d1fe976a", "33606d7b6d6218e13a8efcda8574aa89", "b91638fe41a81471b7c503be0f6fa0b3"], "id_to_hash": {"00": "e5b13f5d9780f2cc93bcf1a699729ba5", "01": "b91638fe41a81471b7c503be0f6fa0b3", "02": "e457afe8a96797e1e453802f0d61198a", "03": "879afbf544fecae4e5767c15982bc4b0", "04": "33606d7b6d6218e13a8efcda8574aa89", "05": "bcfdb4a7dcda5fda4f78eee403c365ad", "06": "983ec0ae1559add0d9d1abe1d1fe976a", "07": "4d8a3ada543b0ab4940f8264c755346c", "08": "a0e28d4ff5732d01e39c74399e48fcb4", "09": "5734f0729f1b8e4499b5468ce926da05"}, "display": {"search_start": "2024-04-16T00:16:00.889921", "trial_start": {"00": "2024-04-16T00:16:00.889921", "01": "2024-04-16T00:16:02.050614", "02": "2024-04-16T00:16:43.754943", "03": "2024-04-16T00:17:27.385806", "04": "2024-04-16T00:17:50.650405", "05": "2024-04-16T00:18:02.461329", "06": "2024-04-16T00:18:14.707474", "07": "2024-04-16T00:18:25.060379", "08": "2024-04-16T00:18:36.691039", "09": "2024-04-16T00:18:48.059964"}, "trial_number": {"00": 1, "01": 2, "02": 3, "03": 4, "04": 5, "05": 6, "06": 7, "07": 8, "08": 9, "09": 10}}}