{"trial_id": "09", "hyperparameters": {"space": [{"class_name": "Int", "config": {"name": "units", "default": null, "conditions": [], "min_value": 32, "max_value": 512, "step": 32, "sampling": "linear"}}, {"class_name": "Float", "config": {"name": "dropout", "default": 0.0, "conditions": [], "min_value": 0.0, "max_value": 0.5, "step": 0.1, "sampling": "linear"}}, {"class_name": "Choice", "config": {"name": "learning_rate", "default": 0.01, "conditions": [], "values": [0.01, 0.001, 0.0001], "ordered": true}}], "values": {"units": 128, "dropout": 0.30000000000000004, "learning_rate": 0.01}}, "metrics": {"metrics": {"loss": {"direction": "min", "observations": [{"value": [0.3440554141998291], "step": 31}]}, "accuracy": {"direction": "max", "observations": [{"value": [0.8617021441459656], "step": 31}]}, "val_loss": {"direction": "min", "observations": [{"value": [0.4279416501522064], "step": 31}]}, "val_accuracy": {"direction": "max", "observations": [{"value": [0.8389830589294434], "step": 31}]}}}, "score": 0.8389830589294434, "best_step": 31, "status": "COMPLETED", "message": null}