{"trial_id": "02", "hyperparameters": {"space": [{"class_name": "Int", "config": {"name": "units", "default": null, "conditions": [], "min_value": 32, "max_value": 512, "step": 32, "sampling": "linear"}}, {"class_name": "Float", "config": {"name": "dropout", "default": 0.0, "conditions": [], "min_value": 0.0, "max_value": 0.5, "step": 0.1, "sampling": "linear"}}, {"class_name": "Choice", "config": {"name": "learning_rate", "default": 0.01, "conditions": [], "values": [0.01, 0.001, 0.0001], "ordered": true}}], "values": {"units": 128, "dropout": 0.2, "learning_rate": 0.0001}}, "metrics": {"metrics": {"loss": {"direction": "min", "observations": [{"value": [0.5585927963256836], "step": 4}]}, "accuracy": {"direction": "max", "observations": [{"value": [0.7989361882209778], "step": 4}]}, "val_loss": {"direction": "min", "observations": [{"value": [0.5696942806243896], "step": 4}]}, "val_accuracy": {"direction": "max", "observations": [{"value": [0.8262711763381958], "step": 4}]}}}, "score": 0.8262711763381958, "best_step": 4, "status": "COMPLETED", "message": null}